"Count","Title","Difficulty","Topics","AverageFrequency","MaxFrequency","AverageAcceptancePercent","Link","Companies"
"114","Two Sum","EASY","Array, Hash Table","78.79","100","55.78","https://leetcode.com/problems/two-sum","Accenture; Accolite; Adobe; Agoda; Airbnb; Airbus SE; Akamai; Altimetrik; Amadeus; Amazon; AMD; American Express; Apple; athenahealth; Atlassian; Avito; Barclays; BlackStone; Bloomberg; BNY Mellon; Bolt; Braze; ByteDance; Cadence; Capgemini; Careem; Chewy; Cisco; Cognizant; Comcast; Criteo; Deloitte; Deutsche Bank; Devsinc; Docusign; DoorDash; Dropbox; EarnIn; eBay; EPAM Systems; Epic Systems; Expedia; EY; Fidelity; Flipkart; FPT; FreshWorks; Garmin; Goldman Sachs; Google; Grab; HCL; Honeywell; Huawei; Hubspot; IBM; Infosys; Intel; Intuit; J.P. Morgan; jio; Karat; KLA; LinkedIn; Luxoft; Mastercard; Meta; Microsoft; MindTree; Morgan Stanley; Myntra; Nagarro; Nielsen; Nutanix; Nvidia; Oracle; Ozon; Palo Alto Networks; PayPal; Paytm; persistent systems; Publicis Sapient; Pwc; Qualcomm; Roblox; Samsung; SAP; ServiceNow; Shopee; Siemens; Slice; Snowflake; SoFi; Spotify; tcs; Tech Mahindra; Tekion; TikTok; Tinkoff; Uber; UKG; Visa; VMware; Walmart Labs; Western Digital; Wipro; Wise; Wissen Technology; Wix; Yahoo; Yandex; Yelp; Zoho; ZScaler"
"112","Best Time to Buy and Sell Stock","EASY","Array, Dynamic Programming","71.9","100","55.26","https://leetcode.com/problems/best-time-to-buy-and-sell-stock","Accenture; Accolite; Agoda; Airtel; Akamai; American Express; AQR Capital Management; Arista Networks; athenahealth; Atlassian; Bank of America; Bentley Systems; BlackRock; Blizzard; BNY Mellon; Bolt; ByteDance; Capgemini; Capital One; carwale; Cisco; Citadel; Citigroup; Cloudera; CME Group; CrowdStrike; DE Shaw; Deloitte; Deutsche Bank; DevRev; DRW; eBay; EPAM Systems; Expedia; Flipkart; FPT; FreshWorks; Garmin; Goldman Sachs; Groww; HashedIn; HSBC; IBM; Infosys; Instacart; Intel; Intuit; J.P. Morgan; josh technology; LinkedIn; Mastercard; Media.net; Microstrategy; Millennium; Morgan Stanley; Myntra; Netflix; Nutanix; Nvidia; Ola Cabs; opentext; Optiver; Oracle; Ozon; Palantir Technologies; PayPal; PhonePe; Pwc; QBurst; Rakuten; RBC; Remitly; Robinhood; Roblox; Salesforce; Samsung; SAP; ServiceNow; Shopee; Siemens; Slice; Snap; Snapdeal; Snowflake; Societe Generale; Sony; Sprinklr; Swiggy; tcs; Tech Mahindra; Tekion; Tesla; The Trade Desk; ThoughtWorks; Tiger Analytics; TikTok; Toast; Tripadvisor; Turing; Two Sigma; Uber; UBS; UKG; Visa; VMware; Walmart Labs; Yahoo; Yandex; zeta suite; Zoho; Zoox; Zopsmart"
"101","LRU Cache","MEDIUM","Hash Table, Linked List, Design, Doubly-Linked List","78","100","45.22","https://leetcode.com/problems/lru-cache","AppFolio; Arista Networks; Aurora; Autodesk; BitGo; Booking.com; BP; ByteDance; Capital One; Chewy; Cisco; Citadel; Citrix; Cloudflare; Cohesity; Confluent; Coupang; Cruise; Disney; Docusign; DoorDash; eBay; Expedia; Fiverr; Freecharge; FreshWorks; General Motors; Goldman Sachs; Grab; Groww; Highspot; IBM; Intel; Intuit; J.P. Morgan; KLA; LinkedIn; Media.net; Mobileye; MongoDB; Morgan Stanley; Myntra; Navan; NetApp; Netflix; Niantic; Nokia; Nordstrom; Nutanix; Nvidia; Okta; Optiver; Oracle; Palantir Technologies; Palo Alto Networks; PayPal; PhonePe; Qualcomm; Rakuten; razorpay; Reddit; Ripple; Rivian; Roku; Rubrik; Salesforce; Samsung; SAP; ServiceNow; Shopee; Shopify; smartnews; Snap; Snowflake; SoFi; Splunk; Sprinklr; Squarespace; Swiggy; Tencent; Tesla; The Trade Desk; thoughtspot; ThousandEyes; TikTok; Tripadvisor; Turo; Twitch; Verkada; Vimeo; Visa; VMware; Walmart Labs; Workday; X; Yahoo; Yandex; Zalando; Zenefits; Zepto; ZScaler"
"93","Valid Parentheses","EASY","String, Stack","75.13","100","42.32","https://leetcode.com/problems/valid-parentheses","Accenture; Accolite; Adobe; Agoda; Airbnb; Amazon; Anduril; Apple; Autodesk; Bank of America; Barclays; BlackRock; Bloomberg; Bolt; Booking.com; Braze; Capital One; Cisco; Cognizant; Criteo; DE Shaw; Dell; Deloitte; Disney; eBay; EPAM Systems; Epic Systems; Expedia; FreshWorks; GE Healthcare; Goldman Sachs; Google; Grab; HCL; Huawei; IBM; Infosys; Intel; Intuit; J.P. Morgan; LinkedIn; Lucid; Mastercard; Meta; Microsoft; Millennium; Mitsogo; Morgan Stanley; Nagarro; Netflix; Nike; Nvidia; Odoo; opentext; Ozon; Palo Alto Networks; PayPal; Paytm; persistent systems; Publicis Sapient; Qualcomm; Roblox; Salesforce; Samsung; SAP; ServiceNow; Shopee; Siemens; SOTI; Splunk; Spotify; Squarespace; Swiggy; tcs; Tencent; Tesla; ThoughtWorks; TikTok; Tripadvisor; Turing; Uber; UBS; Visa; VK; Walmart Labs; Wipro; Wix; X; Yahoo; Yandex; Zenefits; Zillow; Zoho"
"92","Longest Substring Without Repeating Characters","MEDIUM","Hash Table, String, Sliding Window","72.68","100","36.94","https://leetcode.com/problems/longest-substring-without-repeating-characters","Accenture; Accolite; Adobe; Agoda; Airtel; Alibaba; Amazon; AMD; American Express; Apple; athenahealth; Atlassian; Bloomberg; BNY Mellon; ByteDance; Capgemini; Cisco; Cognizant; Comcast; Coupang; Dell; Deloitte; Docusign; eBay; EPAM Systems; Epic Systems; Expedia; Flipkart; Freecharge; FreshWorks; Goldman Sachs; Google; Grab; HCL; HPE; IBM; Infosys; Intel; Intuit; J.P. Morgan; josh technology; Juspay; LinkedIn; Lucid; Lyft; MakeMyTrip; MAQ Software; Meta; Microsoft; Morgan Stanley; Nagarro; NCR; Netflix; Nike; Nvidia; opentext; Optum; Oracle; Ozon; Palo Alto Networks; PayPal; Paytm; persistent systems; PornHub; Publicis Sapient; Qualcomm; Roblox; Salesforce; ServiceNow; Snowflake; Softwire; SOTI; Spotify; tcs; Tesla; ThoughtWorks; TikTok; Tinkoff; Turing; Uber; Veeva Systems; Virtusa; Visa; Walmart Labs; Wipro; Yahoo; Yandex; Yelp; Zeta; Zoho; ZScaler; Zynga"
"87","Merge Intervals","MEDIUM","Array, Sorting","73.38","100","49.4","https://leetcode.com/problems/merge-intervals","Accenture; Adobe; Agoda; Airbnb; Amazon; AMD; Anduril; Apple; Applied Intuition; athenahealth; Atlassian; Bloomberg; ByteDance; Cadence; Capital One; CARS24; Cisco; Citadel; ConsultAdd; CrowdStrike; Cruise; Databricks; DE Shaw; Deloitte; Disney; Docusign; Dropbox; EPAM Systems; Expedia; Flipkart; Goldman Sachs; Grammarly; Grubhub; Hubspot; IBM; Infosys; Instacart; IXL; J.P. Morgan; LinkedIn; MakeMyTrip; Media.net; Meta; Microsoft; Morgan Stanley; Moveworks; Netflix; Netskope; Nextdoor; Nielsen; Nutanix; Nvidia; Okta; Oracle; Ozon; Palantir Technologies; PayPal; PhonePe; Qualcomm; razorpay; Ripple; Rivian; Roblox; Salesforce; Samsung; ServiceNow; Siemens; Snap; Snowflake; Synopsys; Tencent; Tesco; Tesla; TikTok; Turing; Uber; Visa; Walmart Labs; Wix; Workday; X; Yahoo; Yandex; Yelp; Zalando; Zepto; Zoho"
"80","Group Anagrams","MEDIUM","Array, Hash Table, String, Sorting","73.45","100","70.93","https://leetcode.com/problems/group-anagrams","Accenture; Adobe; Affirm; Agoda; Amazon; Anduril; Apple; athenahealth; Atlassian; Autodesk; BlackRock; Bloomberg; BNY Mellon; BP; Cisco; Citadel; Compass; ConsultAdd; Coupang; Dell; Disney; DoorDash; eBay; EPAM Systems; Expedia; Faire; Goldman Sachs; Google; HashedIn; HCL; IBM; Infosys; Intuit; J.P. Morgan; Meta; Microsoft; Morgan Stanley; MSCI; Myntra; NetApp; Niantic; Nielsen; Nutanix; Nvidia; Oracle; Palo Alto Networks; Paycom; PayPal; persistent systems; PhonePe; Publicis Sapient; Qualtrics; Ripple; Salesforce; SAP; ServiceNow; Siemens; Sigmoid; Smartsheet; Snap; Splunk; Tesla; Texas Instruments; TikTok; Turing; Twilio; Uber; Veeva Systems; Verily; Visa; Walmart Labs; Wayfair; Whatnot; Wipro; Workday; Yahoo; Yandex; Yelp; Zoho; Zopsmart"
"80","Trapping Rain Water","HARD","Array, Two Pointers, Dynamic Programming, Stack, Monotonic Stack","70.68","100","65.1","https://leetcode.com/problems/trapping-rain-water","Accolite; Adobe; Airbnb; Amazon; American Express; Apple; Atlassian; BitGo; Bloomberg; ByteDance; Capgemini; carwale; Cisco; Citadel; Coveo; CrowdStrike; DE Shaw; EPAM Systems; Expedia; Flipkart; Goldman Sachs; Google; Grammarly; Groww; HashedIn; Hive; IBM; Infosys; InMobi; Intel; Intuit; Jane Street; jio; MakeMyTrip; MAQ Software; Media.net; Meta; Microsoft; Moloco; Myntra; National Instruments; Navan; Navi; Nextdoor; Nutanix; Nvidia; Oracle; PayPal; Paytm; PhonePe; Publicis Sapient; PubMatic; Qualcomm; redbus; Roblox; Salesforce; Samsung; SAP; ServiceNow; Snowflake; Splunk; Sprinklr; Swiggy; tcs; Tekion; Tesla; TikTok; Turvo; Uber; Visa; Walmart Labs; Wix; X; Yahoo; Yandex; Zenefits; Zepto; Zeta; Zoho; Zopsmart"
"76","Number of Islands","MEDIUM","Array, Depth-First Search, Breadth-First Search, Union Find, Matrix","71.73","100","62.32","https://leetcode.com/problems/number-of-islands","Akuna Capital; Anduril; Axon; Barclays; BILL Holdings; BitGo; BlackRock; Booking.com; ByteDance; Capital One; Cisco; Citadel; Cloudflare; Comcast; Coupang; CrowdStrike; Disney; Docusign; DoorDash; Dropbox; EarnIn; eBay; Expedia; Flipkart; Goldman Sachs; Grammarly; HashedIn; Hotstar; HPE; Huawei; Infosys; Intel; Intuit; Karat; LinkedIn; Lucid; Moloco; Morgan Stanley; Nutanix; Nvidia; OKX; Oracle; Palantir Technologies; PayPal; PhonePe; Pinterest; Qualcomm; Reddit; Rivian; Salesforce; Samsung; SAP; ServiceNow; Siemens; Snap; Snowflake; SoFi; Tesla; thoughtspot; Tinkoff; Turing; UiPath; Urban Company; Visa; Walmart Labs; Waymo; Whatnot; Wix; X; Yandex; Zenefits; Zepto; Zeta; Zillow; Zoho; Zomato"
"73","Longest Palindromic Substring","MEDIUM","Two Pointers, String, Dynamic Programming","67.16","100","35.85","https://leetcode.com/problems/longest-palindromic-substring","Accenture; Accolite; Adobe; Agoda; Amazon; Apple; athenahealth; Autodesk; BlackRock; Bloomberg; BNY Mellon; ByteDance; CEDCOSS; Cisco; Cognizant; Commvault; Dell; Deloitte; Disney; DoorDash; EarnIn; eBay; EPAM Systems; Goldman Sachs; Grab; Huawei; IBM; Info Edge; Infosys; J.P. Morgan; LinkedIn; LiveRamp; MakeMyTrip; MAQ Software; Mastercard; Media.net; Meta; Microsoft; Morgan Stanley; Nielsen; Nutanix; Oracle; Palo Alto Networks; Paytm; persistent systems; PhonePe; Pure Storage; Pwc; RBC; Salesforce; Samsung; SAP; ServiceNow; Softwire; tcs; Tesla; ThoughtWorks; TikTok; Tinkoff; Turing; Turo; Uber; UiPath; Visa; VMware; Walmart Labs; Wayfair; Wix; Yahoo; Yandex; Zepto; Zoho; Zopsmart"
"64","3Sum","MEDIUM","Array, Two Pointers, Sorting","66.75","100","37.07","https://leetcode.com/problems/3sum","Accenture; Adobe; Agoda; Altimetrik; Amazon; AMD; American Express; Apple; Atlassian; Autodesk; Barclays; Bloomberg; BNY Mellon; Bosch; Cadence; Careem; Cisco; Citadel; Cloudflare; Cognizant; Docusign; Dream11; EPAM Systems; Flipkart; Gojek; Goldman Sachs; HashedIn; HCL; Infosys; Intuit; Meta; Microsoft; Morgan Stanley; Myntra; Nutanix; Nvidia; Oracle; PayPal; Paytm; Rakuten; Salesforce; Samsung; ServiceNow; Siemens; smartnews; Sprinklr; tcs; Tesla; TikTok; Trexquant; Turing; Uber; Vimeo; Visa; Walmart Labs; Warnermedia; Wells Fargo; Wix; Works Applications; Yahoo; Yandex; Zoho; Zomato; Zopsmart"
"53","Maximum Subarray","MEDIUM","Array, Divide and Conquer, Dynamic Programming","64.18","100","52.1","https://leetcode.com/problems/maximum-subarray","Accenture; Adobe; Amazon; Apple; Atlassian; Autodesk; Barclays; Bloomberg; Cisco; Cognizant; DE Shaw; eBay; Goldman Sachs; Google; HashedIn; Huawei; IBM; Infosys; Intel; J.P. Morgan; LinkedIn; Meta; Microsoft; Morgan Stanley; Nike; Nvidia; Optum; Oracle; PayPal; persistent systems; PornHub; Qualcomm; Ripple; Rippling; Samsung; SAP; ServiceNow; Snap; Target; tcs; Tekion; Tesla; TikTok; Turing; Uber; Upstart; Vimeo; Visa; Walmart Labs; Wix; Yahoo; Zoho; Zomato"
"50","Container With Most Water","MEDIUM","Array, Two Pointers, Greedy","64.93","100","57.78","https://leetcode.com/problems/container-with-most-water","Accenture; Accolite; Adobe; Amazon; Apple; Atlassian; Bloomberg; ByteDance; Citadel; Coveo; Deloitte; Flipkart; Goldman Sachs; HashedIn; HSBC; Infosys; Intel; J.P. Morgan; Lenskart; Mastercard; Meta; Microsoft; Miro; Myntra; Nutanix; Oracle; oyo; PayPal; Paytm; QBurst; razorpay; RBC; Salesforce; Samsung; SAP; ServiceNow; Snowflake; Sprinklr; tcs; Tesla; TikTok; Uber; Visa; Walmart Labs; Wix; Yahoo; Yandex; Zoho; Zoom; Zopsmart"
"50","Search in Rotated Sorted Array","MEDIUM","Array, Binary Search","63.26","87.6","42.84","https://leetcode.com/problems/search-in-rotated-sorted-array","Accolite; Adobe; Amazon; Anduril; Apple; Arcesium; Arista Networks; Autodesk; Bloomberg; ByteDance; Criteo; Disney; DP world; Druva; eBay; EPAM Systems; Flipkart; Goldman Sachs; Google; Grammarly; Infosys; LinkedIn; Media.net; Meta; Microsoft; MongoDB; Navi; Netflix; Nutanix; Nvidia; Oracle; Palo Alto Networks; PayPal; Paytm; PornHub; Salesforce; Samsung; ServiceNow; TikTok; Tinkoff; Uber; Urban Company; Visa; VMware; Walmart Labs; Yahoo; Yandex; Zepto; Zoho; ZScaler"
"49","Longest Common Prefix","EASY","String, Trie","71.7","100","45.48","https://leetcode.com/problems/longest-common-prefix","Accenture; Accolite; Adobe; Airbus SE; Amazon; Apple; Bloomberg; Capgemini; CEDCOSS; CME Group; Cognizant; Deloitte; Deutsche Bank; Disney; DXC Technology; eBay; EPAM Systems; Google; HCL; HSBC; IBM; Infosys; Jane Street; Meta; Microsoft; Nokia; Nvidia; Oracle; PhonePe; PornHub; PubMatic; Pwc; Revolut; Roblox; Roche; Samsung; SAP; tcs; TikTok; Turing; Uber; Visa; VMware; Walmart Labs; Wells Fargo; Yahoo; Yelp; Zoho; ZScaler"
"46","Merge Sorted Array","EASY","Array, Two Pointers, Sorting","63.61","100","52.92","https://leetcode.com/problems/merge-sorted-array","Accenture; Adobe; Agoda; Amazon; Apple; athenahealth; Atlassian; Avito; Barclays; Bloomberg; ByteDance; Canonical; Cisco; Cognizant; Criteo; EPAM Systems; Expedia; Goldman Sachs; HCL; Hubspot; IBM; Infosys; Intel; LinkedIn; Meta; Microsoft; Netflix; Nvidia; Oracle; Palo Alto Networks; PayPal; persistent systems; Qualcomm; ServiceNow; Squarespace; Swiggy; tcs; TikTok; Uber; Virtusa; VK; Walmart Labs; Wipro; Yahoo; Yandex; Zoho"
"45","Spiral Matrix","MEDIUM","Array, Matrix, Simulation","65.73","100","53.94","https://leetcode.com/problems/spiral-matrix","Accenture; Adobe; Amazon; AMD; Anduril; Apple; Bloomberg; Capital One; Cisco; CrowdStrike; Darwinbox; Databricks; DE Shaw; Deutsche Bank; eBay; Epic Systems; Goldman Sachs; IBM; Infosys; Intuit; J.P. Morgan; Lenskart; Meta; Microsoft; Netflix; Nordstrom; Nutanix; Nvidia; Oracle; PayPal; RBC; Roblox; SIG; tcs; Tekion; TikTok; Trexquant; Turing; Uber; Visa; Walmart Labs; WatchGuard; Wells Fargo; Yahoo; Zoho"
"42","Median of Two Sorted Arrays","HARD","Array, Binary Search, Divide and Conquer","63.96","100","43.81","https://leetcode.com/problems/median-of-two-sorted-arrays","Accenture; Adobe; Akamai; Amazon; Apple; Autodesk; Bloomberg; Capgemini; Citadel; Cognizant; DE Shaw; Dropbox; eBay; Flipkart; Goldman Sachs; Google; IBM; Infosys; Intuit; LinkedIn; Meta; Microsoft; Oracle; Palo Alto Networks; PayPal; PornHub; Pwc; Rippling; ServiceNow; Snap; Swiggy; TikTok; Uber; Visa; VMware; Walmart Labs; Wipro; Wix; Yahoo; Yandex; Zenefits; Zoho"
"41","Merge k Sorted Lists","HARD","Linked List, Divide and Conquer, Heap (Priority Queue), Merge Sort","65.59","100","56.77","https://leetcode.com/problems/merge-k-sorted-lists","Adobe; Airbnb; Amazon; Anduril; Apple; Bloomberg; ByteDance; Cisco; Citadel; Dell; Deloitte; Docusign; DoorDash; eBay; Hubspot; Indeed; IXL; LinkedIn; Meta; Microsoft; MongoDB; NetApp; Nutanix; Nvidia; Nykaa; Oracle; Palantir Technologies; Rivian; Salesforce; Samsung; Snowflake; SoFi; TikTok; Two Sigma; Uber; Verkada; Walmart Labs; Warnermedia; X; Yahoo; Yandex"
"40","Insert Delete GetRandom O(1)","MEDIUM","Array, Hash Table, Math, Design, Randomized","68.84","100","54.99","https://leetcode.com/problems/insert-delete-getrandom-o1","Affirm; Agoda; AppFolio; Axon; ByteDance; Cisco; Citadel; DE Shaw; Docusign; DoorDash; Goldman Sachs; Grammarly; Groupon; Intuit; IXL; LinkedIn; MakeMyTrip; Miro; Netflix; Nvidia; Okta; Palo Alto Networks; Peloton; Pocket Gems; Pure Storage; Quora; Rippling; Rubrik; Salesforce; Samsung; Snap; Snowflake; SoFi; Sprinklr; ThousandEyes; Unity; X; Yandex; Yelp; Zeta"
"40","First Missing Positive","HARD","Array, Hash Table","57.73","100","41.08","https://leetcode.com/problems/first-missing-positive","Adobe; Amazon; Apple; athenahealth; Bloomberg; Celigo; Databricks; eBay; EPAM Systems; Flipkart; Geico; General Motors; Goldman Sachs; Google; Licious; MakeMyTrip; Meta; Microsoft; Morgan Stanley; Myntra; Netflix; Nutanix; Oracle; PayPal; PhonePe; Roblox; Salesforce; Samsung; ServiceNow; Siemens; SoundHound; Sprinklr; Sumo Logic; Swiggy; Tesla; TikTok; Twilio; Uber; Walmart Labs; Zomato"
"39","Merge Two Sorted Lists","EASY","Linked List, Recursion","62.18","100","66.84","https://leetcode.com/problems/merge-two-sorted-lists","Adobe; Amazon; Apple; Arista Networks; Bloomberg; Capital One; Cognizant; EPAM Systems; Flipkart; Goldman Sachs; HPE; Huawei; Hubspot; Infosys; Intel; Intuit; LinkedIn; Media.net; Meta; Microsoft; Oracle; Palo Alto Networks; Revolut; Rippling; Shopee; Siemens; Snap; Snowflake; Swiggy; tcs; Teradata; Texas Instruments; TikTok; Uber; Visa; Walmart Labs; Wix; Yahoo; Yandex"
"38","Generate Parentheses","MEDIUM","String, Dynamic Programming, Backtracking","63.45","100","77.13","https://leetcode.com/problems/generate-parentheses","Adobe; Airtel; Amazon; Amdocs; Apple; Avito; BlackRock; Bloomberg; DE Shaw; Disney; eBay; Grammarly; Huawei; IBM; Infosys; Intuit; J.P. Morgan; Lucid; MakeMyTrip; Meta; Microsoft; Morgan Stanley; Netflix; Nvidia; Oracle; PhonePe; Point72; ServiceNow; tcs; Texas Instruments; TikTok; Uber; Veeva Systems; Walmart Labs; Yahoo; Yandex; Zenefits; Zoho"
"35","Roman to Integer","EASY","Hash Table, Math, String","63.49","100","64.87","https://leetcode.com/problems/roman-to-integer","Accenture; Adobe; Amazon; AMD; Apple; Axon; Bloomberg; BNY Mellon; Booking.com; Capital One; DeltaX; eBay; Expedia; Geico; Goldman Sachs; IBM; Infosys; KLA; Meta; Microsoft; Oracle; Pwc; Salesforce; Snowflake; SoFi; tcs; Thomson Reuters; Uber; Visa; Warnermedia; Wipro; Wise; Wix; Yahoo; Zoho"
"35","Add Two Numbers","MEDIUM","Linked List, Math, Recursion","63.07","100","46.23","https://leetcode.com/problems/add-two-numbers","Accenture; Adobe; Airbnb; Amazon; Apple; Avito; Bloomberg; ByteDance; Capgemini; Capital One; Cisco; Cognizant; Commvault; EarnIn; EPAM Systems; Expedia; Goldman Sachs; Google; Infosys; Intel; josh technology; Meta; Microsoft; Nutanix; Nvidia; Oracle; Samsung; tcs; TikTok; Uber; Walmart Labs; Wix; Yahoo; Yandex; Zopsmart"
"35","Top K Frequent Elements","MEDIUM","Array, Hash Table, Divide and Conquer, Sorting, Heap (Priority Queue), Bucket Sort, Counting, Quickselect","62.02","100","64.57","https://leetcode.com/problems/top-k-frequent-elements","Arista Networks; Atlassian; Avito; ByteDance; Chewy; Cisco; Docusign; DoorDash; Dropbox; eBay; EPAM Systems; Goldman Sachs; Hubspot; Intuit; J.P. Morgan; Microstrategy; Netflix; Nutanix; PayPal; Pinterest; Pocket Gems; Robinhood; Roku; Salesforce; Smartsheet; Snap; Snowflake; SoFi; Tesla; Tiger Analytics; Twilio; Visa; Walmart Labs; Yandex; Yelp"
"35","Climbing Stairs","EASY","Math, Dynamic Programming, Memoization","59.3","100","53.54","https://leetcode.com/problems/climbing-stairs","Accenture; Accolite; Adobe; Amazon; AMD; Apple; Barclays; Bloomberg; Bolt; ByteDance; Cisco; Citadel; Deloitte; Disney; Expedia; Goldman Sachs; Grammarly; IBM; Infosys; Intel; Intuit; J.P. Morgan; Meta; Microsoft; Nvidia; Oracle; Qualcomm; tcs; TikTok; Turing; Uber; Wipro; Yahoo; Yandex; Zoho"
"35","Integer to Roman","MEDIUM","Hash Table, Math, String","53.99","100","68.62","https://leetcode.com/problems/integer-to-roman","Accenture; Adobe; Agoda; Amazon; Apple; Arista Networks; Atlassian; Bloomberg; Booking.com; Citadel; Docusign; eBay; Geico; Goldman Sachs; Google; IBM; Infosys; J.P. Morgan; LinkedIn; Meta; Microsoft; NinjaCart; Oracle; Palo Alto Networks; Salesforce; Swiggy; TikTok; Uber; UiPath; Visa; VMware; Wix; X; Yahoo; Zoho"
"34","Product of Array Except Self","MEDIUM","Array, Prefix Sum","62.93","100","67.78","https://leetcode.com/problems/product-of-array-except-self","Accenture; Asana; Autodesk; CEDCOSS; Cisco; Disney; Docusign; eBay; Flipkart; Goldman Sachs; IBM; Infosys; Intuit; LinkedIn; Lyft; MakeMyTrip; Nutanix; Oracle; PayPal; Paytm; Ripple; Salesforce; Sigmoid; Snap; tcs; Tekion; Turing; Unity; Walmart Labs; Warnermedia; Wells Fargo; Yandex; Zoho; ZS Associates"
"34","Letter Combinations of a Phone Number","MEDIUM","Hash Table, String, Backtracking","62.06","98.1","63.86","https://leetcode.com/problems/letter-combinations-of-a-phone-number","Adobe; Amazon; Apple; Autodesk; Bloomberg; Chime; Cisco; Citadel; DE Shaw; Dropbox; Epic Systems; Flexport; FreshWorks; Goldman Sachs; IBM; J.P. Morgan; LinkedIn; Meta; Microsoft; Morgan Stanley; Nextdoor; Oracle; Pinterest; ServiceNow; Siemens; Swiggy; Tesla; Trexquant; Twilio; Twitch; Uber; Yahoo; Zoho; Zopsmart"
"34","Word Search","MEDIUM","Array, String, Backtracking, Depth-First Search, Matrix","59.87","100","45.27","https://leetcode.com/problems/word-search","Adobe; Amazon; Apple; Arista Networks; Atlassian; Bloomberg; Capital One; Cisco; Citadel; Epic Systems; Faire; FreshWorks; Goldman Sachs; Grammarly; Karat; MakeMyTrip; Meta; Microsoft; Morgan Stanley; Netflix; Oracle; PayPal; Paytm; Samsung; Snap; tcs; TikTok; Uber; Visa; Walmart Labs; Whatnot; Wix; Zepto; Zoho"
"34","Jump Game","MEDIUM","Array, Dynamic Programming, Greedy","57.24","100","39.48","https://leetcode.com/problems/jump-game","Adobe; Amazon; Apple; Bloomberg; Cisco; DoorDash; Flipkart; Goldman Sachs; Google; HashedIn; Informatica; Infosys; Karat; MakeMyTrip; Media.net; Meta; Microsoft; Morgan Stanley; Oracle; PayPal; PhonePe; Salesforce; ServiceNow; Shopee; tcs; Tekion; TikTok; Turing; Uber; Verily; Wipro; Yahoo; Zoho; ZScaler"
"33","Text Justification","HARD","Array, String, Simulation","66","100","48.15","https://leetcode.com/problems/text-justification","Adobe; Airbnb; Amazon; Apple; Atlassian; Bloomberg; Capital One; Coinbase; Coursera; Databricks; DevRev; Google; Karat; LinkedIn; Meta; Microsoft; MongoDB; Moveworks; Netflix; Notion; Oracle; PayPal; Robinhood; Roblox; Samsara; Sentry; SIG; TikTok; Twilio; Uber; Visa; WeRide; Zoho"
"33","Rotate Image","MEDIUM","Array, Math, Matrix","65.85","100","77.9","https://leetcode.com/problems/rotate-image","Accenture; Adobe; Amazon; AMD; Apple; Bloomberg; Capital One; Cisco; ConsultAdd; DE Shaw; Goldman Sachs; Google; IBM; Infosys; Intel; J.P. Morgan; Mastercard; Meta; Microsoft; Netflix; Nvidia; Oracle; PayPal; Qualcomm; Rakuten; Roblox; Tinkoff; Uber; WatchGuard; Yahoo; Yandex; Zoho; ZScaler"
"33","Meeting Rooms II","MEDIUM","Array, Two Pointers, Greedy, Sorting, Heap (Priority Queue), Prefix Sum","65.52","100","52.14","https://leetcode.com/problems/meeting-rooms-ii","Atlassian; Capital One; Cisco; Docusign; eBay; Hubspot; IBM; Lyft; Miro; Moloco; Morgan Stanley; Netflix; Nordstrom; Nutanix; Nvidia; PayPal; Pinterest; PubMatic; Salesforce; Samsung; ServiceNow; Snap; Snowflake; SoFi; Splunk; Tekion; Tesco; Tinkoff; Turo; Two Sigma; Waymo; WorldQuant; Yandex"
"33","Kth Largest Element in an Array","MEDIUM","Array, Divide and Conquer, Sorting, Heap (Priority Queue), Quickselect","61.11","100","67.98","https://leetcode.com/problems/kth-largest-element-in-an-array","Accenture; AMD; Avito; ByteDance; Coupang; Deloitte; Deutsche Bank; eBay; EPAM Systems; Flipkart; Goldman Sachs; Guidewire; Infosys; Intuit; J.P. Morgan; LinkedIn; Morgan Stanley; Nvidia; Oracle; PayPal; Pocket Gems; Qualcomm; Salesforce; Samsung; SAP; ServiceNow; SIG; Spotify; Turing; Verily; Walmart Labs; Wipro; Yandex"
"32","Palindrome Number","EASY","Math","64.61","100","59.22","https://leetcode.com/problems/palindrome-number","Accenture; Adobe; Amazon; Apple; Bloomberg; Capgemini; Capital One; Cognizant; Deloitte; EPAM Systems; FPT; Garmin; HCL; IBM; Infosys; Intel; J.P. Morgan; Meta; Microsoft; Oracle; persistent systems; Qualcomm; Roche; Samsung; tcs; Uber; Visa; Walmart Labs; Wipro; Yahoo; Yandex; Zoho"
"31","Sort Colors","MEDIUM","Array, Two Pointers, Sorting","57.07","100","67.58","https://leetcode.com/problems/sort-colors","Adobe; Amazon; Apple; Arcesium; Autodesk; Bloomberg; DE Shaw; Docusign; eBay; Flipkart; Groww; Meta; Microsoft; Morgan Stanley; Optum; Oracle; PayPal; PhonePe; Pocket Gems; Salesforce; Samsung; Sprinklr; Swiggy; Target; tcs; TikTok; Uber; Walmart Labs; Yahoo; Zoho; Zopsmart"
"31","Next Permutation","MEDIUM","Array, Two Pointers","56.78","92.4","43.06","https://leetcode.com/problems/next-permutation","Accenture; Adobe; Amazon; Apple; Arcesium; Bloomberg; ByteDance; DE Shaw; DoorDash; Goldman Sachs; HashedIn; IBM; Infosys; Intuit; J.P. Morgan; LinkedIn; Meta; Microsoft; Mitsogo; Nike; Paytm; Rubrik; ServiceNow; tcs; TikTok; Uber; Upstart; VMware; Yahoo; Zepto; Zoho"
"30","Sliding Window Maximum","HARD","Array, Queue, Sliding Window, Heap (Priority Queue), Monotonic Queue","65.47","100","47.6","https://leetcode.com/problems/sliding-window-maximum","Autodesk; Booking.com; Cisco; Citadel; Coupang; DE Shaw; DoorDash; Flipkart; Gameskraft; Gojek; Goldman Sachs; Juspay; LINE; MakeMyTrip; Media.net; MongoDB; Nuro; Nutanix; Oracle; oyo; Palo Alto Networks; PhonePe; Roku; Rubrik; ServiceNow; tcs; Visa; Wayfair; Zenefits; Zepto"
"30","Valid Anagram","EASY","Hash Table, String, Sorting","63.85","97.5","66.66","https://leetcode.com/problems/valid-anagram","Accenture; Affirm; American Express; Atlassian; BlackRock; Capgemini; Cognizant; ConsultAdd; Disney; EPAM Systems; Fidelity; Goldman Sachs; Google; Infosys; Mastercard; Nagarro; Nokia; Oracle; PayPal; persistent systems; Rokt; Siemens; tcs; Tech Mahindra; Tesla; Visa; Walmart Labs; Wipro; Yandex; Yelp"
"30","Minimum Window Substring","HARD","Hash Table, String, Sliding Window","63.76","100","45.35","https://leetcode.com/problems/minimum-window-substring","Adobe; Agoda; Airbnb; Amazon; Apollo.io; Apple; Bloomberg; ByteDance; Fastenal; Infosys; LinkedIn; Lyft; MakeMyTrip; Meta; Microsoft; Nagarro; Oracle; PayPal; Salesforce; Snap; Snowflake; SoFi; thoughtspot; TikTok; Uber; Walmart Labs; Yahoo; Yandex; Zeta; Zopsmart"
"30","Reverse Linked List","EASY","Linked List, Recursion","63.09","97.6","79.21","https://leetcode.com/problems/reverse-linked-list","Accenture; ByteDance; Cisco; Deloitte; Expedia; Google; J.P. Morgan; Luxoft; NetApp; Nvidia; Oracle; Ozon; PayPal; Paytm; Qualcomm; Samsung; SAP; ServiceNow; Siemens; Snap; tcs; Tesla; Tinkoff; Visa; X; Yandex; Yelp; Zenefits; Zopsmart; Zynga"
"30","House Robber","MEDIUM","Array, Dynamic Programming","62.97","100","52.31","https://leetcode.com/problems/house-robber","Accenture; Agoda; Airbnb; Arcesium; ByteDance; CARS24; Cisco; Citadel; Cleartrip; Databricks; Datadog; DE Shaw; EPAM Systems; Expedia; Flipkart; Goldman Sachs; Infosys; Intuit; LinkedIn; Morgan Stanley; Nordstrom; Nvidia; PayPal; PhonePe; Salesforce; ServiceNow; Tesla; Turing; Walmart Labs; Zoho"
"30","Find First and Last Position of Element in Sorted Array","MEDIUM","Array, Binary Search","59.79","100","46.83","https://leetcode.com/problems/find-first-and-last-position-of-element-in-sorted-array","Accenture; Adobe; Airtel; Amazon; Apple; Applied Intuition; Atlassian; Attentive; Bloomberg; Capgemini; DE Shaw; Instacart; LinkedIn; MakeMyTrip; Meta; Microsoft; NetApp; Oracle; PayPal; Pinterest; ServiceNow; Splunk; tcs; Tekion; TikTok; Tinkoff; Turing; Uber; Yahoo; Zillow"
"30","Valid Sudoku","MEDIUM","Array, Hash Table, Matrix","57.15","91.8","62.28","https://leetcode.com/problems/valid-sudoku","Adobe; Amazon; Apple; Attentive; Autodesk; Bloomberg; Confluent; DoorDash; Geico; Goldman Sachs; Instacart; Karat; Media.net; Meta; Microsoft; MongoDB; Nvidia; Oracle; PayPal; Riot Games; Samsara; Snap; TikTok; Uber; Veeva Systems; Visa; Walmart Labs; Waymo; Yahoo; Zoho"
"30","Longest Consecutive Sequence","MEDIUM","Array, Hash Table, Union Find","56.07","89.3","47.04","https://leetcode.com/problems/longest-consecutive-sequence","Atlassian; ByteDance; Cisco; DE Shaw; DeltaX; EPAM Systems; Flipkart; Google; IBM; Infosys; Lyft; Oracle; PayPal; Paytm; PhonePe; Roblox; SAP; ServiceNow; Swiggy; tcs; TikTok; Turing; Uber; UKG; Walmart Labs; Wissen Technology; Yahoo; Yandex; Zepto; Zoho"
"30","Jump Game II","MEDIUM","Array, Dynamic Programming, Greedy","51.55","80.8","41.5","https://leetcode.com/problems/jump-game-ii","Adobe; Agoda; Amazon; Apple; Atlassian; Bloomberg; ConsultAdd; DE Shaw; DoorDash; Expedia; Flipkart; Goldman Sachs; Google; Groupon; HashedIn; MakeMyTrip; Meta; Microsoft; Mitsogo; Nutanix; Oracle; PayPal; PhonePe; Roblox; Samsung; TikTok; Uber; Walmart Labs; Zepto; Zomato"
"29","Decode String","MEDIUM","String, Stack, Recursion","72.36","100","61.15","https://leetcode.com/problems/decode-string","Activision; Agoda; ByteDance; Cisco; Compass; Coupang; eBay; Flexport; Geico; Goldman Sachs; Hertz; Huawei; Intuit; Mountblue; Nutanix; Ola Cabs; Ozon; razorpay; Roku; Salesforce; Splunk; Sumo Logic; Tencent; Tesco; Tinkoff; Walmart Labs; Wix; Yelp; Zoho"
"29","Coin Change","MEDIUM","Array, Dynamic Programming, Breadth-First Search","59.22","100","46.5","https://leetcode.com/problems/coin-change","Accenture; Affirm; Agoda; Airbnb; Atlassian; BlackRock; Capgemini; Capital One; ConsultAdd; Datadog; Deloitte; EPAM Systems; Geico; Infosys; Intuit; J.P. Morgan; Juniper Networks; Mastercard; Netflix; Nvidia; PayPal; Pinterest; Salesforce; Samsung; SAP; ServiceNow; tcs; Walmart Labs; Zoho"
"28","Course Schedule","MEDIUM","Depth-First Search, Breadth-First Search, Graph, Topological Sort","64.33","100","49.23","https://leetcode.com/problems/course-schedule","Anduril; ByteDance; Citadel; Coupang; CrowdStrike; Cruise; DoorDash; eBay; Flipkart; Graviton; Intuit; IXL; Karat; LiveRamp; Nordstrom; Nutanix; Nvidia; Oracle; PayPal; Roblox; Snap; Snowflake; Swiggy; Visa; VMware; Walmart Labs; Yelp; Zenefits"
"28","Reverse Nodes in k-Group","HARD","Linked List, Recursion","58.2","100","63.04","https://leetcode.com/problems/reverse-nodes-in-k-group","Adobe; Amazon; Apple; Arista Networks; Autodesk; Bloomberg; Capital One; Commvault; DE Shaw; Infosys; josh technology; MakeMyTrip; MathWorks; Meta; Microsoft; Nutanix; PornHub; Qualcomm; Sigmoid; Snowflake; Tesla; TikTok; Visa; VMware; Walmart Labs; Yahoo; Zeta; Zopsmart"
"28","Best Time to Buy and Sell Stock II","MEDIUM","Array, Dynamic Programming, Greedy","56.35","100","69.5","https://leetcode.com/problems/best-time-to-buy-and-sell-stock-ii","Agoda; Capital One; Citadel; CTC; DE Shaw; Deutsche Bank; eBay; Geico; Goldman Sachs; Groww; Infosys; Intel; J.P. Morgan; Media.net; Nike; Paytm; PhonePe; Qualcomm; Rakuten; Salesforce; tcs; TikTok; Uber; Walmart Labs; Wells Fargo; Yahoo; Yandex; Zoho"
"27","Valid Palindrome","EASY","Two Pointers, String","65.63","100","50.96","https://leetcode.com/problems/valid-palindrome","Accenture; American Express; Axon; Bank of America; Cadence; Capgemini; Cisco; EPAM Systems; Infosys; Intel; RBC; SAP; ServiceNow; Shopee; Spotify; TikTok; Tinkoff; Toast; Turing; Uber; Visa; VK; Wayfair; Wipro; Yahoo; Yandex; Zenefits"
"27","Combination Sum","MEDIUM","Array, Backtracking","53.22","87.2","74.67","https://leetcode.com/problems/combination-sum","Adobe; Airbnb; Amazon; Apple; Autodesk; Bloomberg; ByteDance; Citadel; Confluent; DE Shaw; Huawei; Infosys; J.P. Morgan; LinkedIn; Meta; Microsoft; Oracle; Pinterest; Salesforce; ServiceNow; Snap; tcs; TikTok; Uber; Walmart Labs; Yahoo; Zoho"
"26","Move Zeroes","EASY","Array, Two Pointers","69.47","100","62.8","https://leetcode.com/problems/move-zeroes","Agoda; Anduril; BNY Mellon; Capgemini; CEDCOSS; Cisco; Cognizant; CrowdStrike; DevRev; eBay; Infosys; Intuit; josh technology; NetApp; Nvidia; Ozon; Salesforce; SAP; ServiceNow; tcs; Tesla; VK; Walmart Labs; Wix; Yandex; Zoho"
"26","Min Stack","MEDIUM","Stack, Design","68.35","100","56.45","https://leetcode.com/problems/min-stack","Cisco; Delhivery; IMC; Informatica; Intuit; LinkedIn; Lucid; Lyft; MakeMyTrip; Morgan Stanley; Nike; Nvidia; Odoo; Oracle; Palo Alto Networks; PayPal; Paytm; Salesforce; Snap; Snowflake; Tinkoff; Veeva Systems; Vimeo; Walmart Labs; Yandex; Zenefits"
"26","Pow(x, n)","MEDIUM","Math, Recursion","55.24","100","37.02","https://leetcode.com/problems/powx-n","Accenture; Adobe; Amazon; Apple; Arcesium; Bloomberg; ByteDance; Citadel; eBay; EPAM Systems; Goldman Sachs; Infosys; LinkedIn; Meta; Microsoft; Millennium; Oracle; Qualcomm; Salesforce; ServiceNow; tcs; TikTok; Uber; Walmart Labs; Wix; Yahoo"
"26","Edit Distance","MEDIUM","String, Dynamic Programming","48.48","88.7","58.79","https://leetcode.com/problems/edit-distance","Accenture; Adobe; Amazon; Apple; Arcesium; Axon; Bloomberg; Cisco; DE Shaw; Deloitte; Flipkart; HashedIn; Infosys; LinkedIn; MakeMyTrip; Meta; Microsoft; Nielsen; Rubrik; Snap; Swiggy; tcs; TikTok; Visa; Yahoo; Zoho"
"25","Word Break","MEDIUM","Array, Hash Table, String, Dynamic Programming, Trie, Memoization","70.02","100","48.27","https://leetcode.com/problems/word-break","Block; Cleartrip; Coupang; CureFit; eBay; Flipkart; Grammarly; IBM; Intuit; MongoDB; Netflix; Netskope; Nordstrom; Nutanix; Otter.ai; Palo Alto Networks; Pocket Gems; Salesforce; SAP; Snowflake; TikTok; Uber; Walmart Labs; Yahoo; Zoho"
"25","Rotting Oranges","MEDIUM","Array, Breadth-First Search, Matrix","66.25","100","56.62","https://leetcode.com/problems/rotting-oranges","Anduril; ByteDance; Citadel; Deutsche Bank; Docusign; DP world; eBay; Expedia; Flipkart; Informatica; Intuit; Lyft; Myntra; Nutanix; PhonePe; Roblox; Salesforce; Samsung; ServiceNow; VMware; Wix; X; Zepto; ZipRecruiter; Zoox"
"25","Subarray Sum Equals K","MEDIUM","Array, Hash Table, Prefix Sum","61.38","100","45.48","https://leetcode.com/problems/subarray-sum-equals-k","AMD; Apollo.io; ByteDance; Capgemini; Cisco; Disney; Flipkart; Goldman Sachs; IBM; Infosys; J.P. Morgan; Morgan Stanley; Nagarro; PayPal; Quora; Ripple; Scale AI; ServiceNow; Snap; Swiggy; tcs; Tesla; Tinkoff; Walmart Labs; Yandex"
"25","Largest Rectangle in Histogram","HARD","Array, Stack, Monotonic Stack","55.12","100","47.38","https://leetcode.com/problems/largest-rectangle-in-histogram","Adobe; Amazon; Apple; Bloomberg; Capital One; Cisco; DE Shaw; DoorDash; Flipkart; MAQ Software; Meta; Microsoft; Myntra; oyo; PhonePe; Roblox; Sprinklr; tcs; Uber; Walmart Labs; Yahoo; Zepto; Zoho; Zomato; Zynga"
"24","Remove Duplicates from Sorted Array","EASY","Array, Two Pointers","61.46","83.5","60.36","https://leetcode.com/problems/remove-duplicates-from-sorted-array","Accenture; Adobe; Amazon; Apple; Bloomberg; Capgemini; Cisco; Cognizant; Flipkart; Infosys; Meta; Microsoft; Morgan Stanley; Nagarro; Oracle; Qualcomm; SAP; Siemens; tcs; Uber; Wipro; Yahoo; Zoho; ZScaler"
"24","Permutations","MEDIUM","Array, Backtracking","50.89","88","80.66","https://leetcode.com/problems/permutations","Adobe; Amazon; American Express; Apple; Barclays; Bloomberg; Booking.com; Cisco; Citadel; eBay; Goldman Sachs; J.P. Morgan; LinkedIn; Meta; Microsoft; Microstrategy; Oracle; Qualcomm; ServiceNow; TikTok; Uber; Workday; Yahoo; Zoho"
"23","Find Median from Data Stream","HARD","Two Pointers, Design, Sorting, Heap (Priority Queue), Data Stream","68.03","100","53.28","https://leetcode.com/problems/find-median-from-data-stream","Agoda; Anduril; Citadel; Cohesity; Coupang; Docusign; Goldman Sachs; Google; IXL; KLA; Nvidia; Okta; PayPal; Pinterest; Salesforce; Samsung; Snowflake; Splunk; Spotify; StackAdapt; Tinder; Twitch; WorldQuant"
"23","Koko Eating Bananas","MEDIUM","Array, Binary Search","65.3","88.7","49.07","https://leetcode.com/problems/koko-eating-bananas","Accenture; Atlassian; Autodesk; Citadel; DE Shaw; Deutsche Bank; DoorDash; eBay; Flipkart; HashedIn; Infosys; Netflix; Nykaa; Okta; oyo; PayPal; PhonePe; Ripple; Splunk; Turing; VMware; Walmart Labs; Zepto"
"23","Course Schedule II","MEDIUM","Depth-First Search, Breadth-First Search, Graph, Topological Sort","63.91","97.6","53.42","https://leetcode.com/problems/course-schedule-ii","Anduril; Arista Networks; ByteDance; Citadel; Databricks; DoorDash; eBay; Intuit; Karat; Netflix; Nvidia; Oracle; PhonePe; Qualcomm; Remitly; Salesforce; Snap; Snowflake; Tesla; VMware; Walmart Labs; Workday; Zenefits"
"22","Binary Tree Maximum Path Sum","HARD","Dynamic Programming, Tree, Depth-First Search, Binary Tree","64.22","98.7","41.22","https://leetcode.com/problems/binary-tree-maximum-path-sum","Arcesium; Arista Networks; Baidu; Citadel; Datadog; Directi; DoorDash; Flipkart; Hotstar; Intuit; Nutanix; Nvidia; Oracle; Patreon; Salesforce; Samsung; Snap; TikTok; Uber; Walmart Labs; Wix; Yandex"
"22","Reverse Integer","MEDIUM","Math","63.87","88.9","30.31","https://leetcode.com/problems/reverse-integer","Accenture; Adobe; Amazon; Apple; Bloomberg; Cognizant; Deloitte; EPAM Systems; Infosys; Intel; LTI; Meta; Microsoft; Nvidia; Qualcomm; Samsung; tcs; Tech Mahindra; Uber; Wipro; Yahoo; Yandex"
"22","Regular Expression Matching","HARD","String, Dynamic Programming, Recursion","63.65","100","29.28","https://leetcode.com/problems/regular-expression-matching","Airbnb; Amazon; Apple; Bloomberg; ByteDance; Citadel; Confluent; Coupang; Hiver; MakeMyTrip; Meta; Microsoft; Oracle; Snowflake; TikTok; Turing; Uber; WinZO; WorldQuant; X; Yahoo; Zoho"
"22","Simplify Path","MEDIUM","String, Stack","60.74","100","47.86","https://leetcode.com/problems/simplify-path","Adobe; Amazon; Apple; Bloomberg; Capital One; Citadel; Gojek; Grab; Harness; Meta; Microsoft; OpenAI; Patreon; Roku; Snowflake; Tesla; TikTok; Tinkoff; Upstart; Visa; Yahoo; Yandex"
"22","Zigzag Conversion","MEDIUM","String","59.46","100","51.61","https://leetcode.com/problems/zigzag-conversion","Adobe; Amazon; Apple; BitGo; Bloomberg; carwale; Cisco; ConsultAdd; Goldman Sachs; Intuit; Meta; Microsoft; Microstrategy; Mitsogo; Oracle; PayPal; PayPay; ServiceNow; Uber; Yahoo; Zoho; Zopsmart"
"22","Rotate Array","MEDIUM","Array, Math, Two Pointers","58.88","100","43.02","https://leetcode.com/problems/rotate-array","Accenture; American Express; Capgemini; Capital One; DXC Technology; eBay; EPAM Systems; Flipkart; Goldman Sachs; IBM; Infosys; Netflix; Oracle; razorpay; Samsung; Scale AI; ServiceNow; tcs; Visa; Walmart Labs; Wipro; Zoho"
"21","Time Based Key-Value Store","MEDIUM","Hash Table, String, Binary Search, Design","78.82","100","49.37","https://leetcode.com/problems/time-based-key-value-store","Airbnb; Anduril; Axon; CARS24; Coinbase; Compass; Confluent; CrowdStrike; Databricks; eBay; Flexport; Gusto; Instacart; Lyft; Netflix; Nextdoor; Notion; OpenAI; Snowflake; Verkada; VMware"
"21","Validate Binary Search Tree","MEDIUM","Tree, Depth-First Search, Binary Search Tree, Binary Tree","53.74","100","34.38","https://leetcode.com/problems/validate-binary-search-tree","Adobe; Amazon; Apple; Arista Networks; Bloomberg; Citadel; eBay; IBM; LinkedIn; Meta; Microsoft; Nvidia; Oracle; Salesforce; ServiceNow; SIG; TikTok; Uber; Wix; Yahoo; Yandex"
"21","Decode Ways","MEDIUM","String, Dynamic Programming","52.95","100","36.53","https://leetcode.com/problems/decode-ways","Adobe; Amazon; Apple; Bloomberg; Commvault; Flipkart; Goldman Sachs; Graviton; J.P. Morgan; Lyft; Meta; Microsoft; Moengage; Morgan Stanley; Oracle; Salesforce; Snap; TikTok; Uber; Walmart Labs; Zoho"
"20","Basic Calculator II","MEDIUM","Math, String, Stack","67.9","100","45.81","https://leetcode.com/problems/basic-calculator-ii","Accenture; Airbnb; Anduril; ByteDance; Coupang; DE Shaw; DoorDash; Google; Highspot; IXL; NetApp; Rokt; ServiceNow; Snap; Snowflake; Tesla; The Trade Desk; Verkada; Zoho; Zoox"
"20","Asteroid Collision","MEDIUM","Array, Stack, Simulation","66.44","95.2","45.5","https://leetcode.com/problems/asteroid-collision","Accolite; Citadel; Deutsche Bank; DoorDash; Dream11; EPAM Systems; Flipkart; IMC; Lyft; Myntra; OpenAI; PhonePe; Qualtrics; Roku; Salesforce; ServiceNow; SoFi; Sprinklr; Zoho; Zynga"
"20","Maximal Square","MEDIUM","Array, Dynamic Programming, Matrix","62.75","100","48.76","https://leetcode.com/problems/maximal-square","Airbnb; BharatPe; Booking.com; ByteDance; Citadel; DE Shaw; eBay; Goldman Sachs; GSA Capital; Karat; Myntra; Nvidia; Oracle; PayPal; PhonePe; Salesforce; SAP; ServiceNow; Walmart Labs; Wise"
"20","Daily Temperatures","MEDIUM","Array, Stack, Monotonic Stack","62.39","100","67.37","https://leetcode.com/problems/daily-temperatures","Accenture; Agoda; Airwallex; Anduril; Flipkart; Grab; Huawei; Intuit; J.P. Morgan; josh technology; Netflix; Okta; Palantir Technologies; PhonePe; Salesforce; SAP; ServiceNow; Swiggy; Visa; Walmart Labs"
"20","Subsets","MEDIUM","Array, Backtracking, Bit Manipulation","56.25","100","80.88","https://leetcode.com/problems/subsets","Adobe; Amazon; Apple; Bloomberg; ByteDance; Coupang; Fiverr; IBM; Infosys; Mastercard; Meta; Microsoft; Salesforce; Samsung; tcs; TikTok; Uber; Wix; Yahoo; Zoho"
"20","Set Matrix Zeroes","MEDIUM","Array, Hash Table, Matrix","54.15","71.3","60.71","https://leetcode.com/problems/set-matrix-zeroes","Adobe; Amazon; Apple; Autodesk; Bloomberg; eBay; Expedia; Goldman Sachs; J.P. Morgan; Juspay; Meta; Microsoft; Nutanix; Nvidia; Oracle; ServiceNow; Sprinklr; tcs; Uber; Yahoo"
"20","Search a 2D Matrix","MEDIUM","Array, Binary Search, Matrix","48.97","75","52.29","https://leetcode.com/problems/search-a-2d-matrix","Accenture; Adobe; Amazon; Apple; Arista Networks; Bloomberg; Cisco; Coupang; Goldman Sachs; Google; Grab; Meta; Microsoft; Nutanix; Snap; Tinkoff; Visa; Walmart Labs; Yahoo; Yandex"
"20","4Sum","MEDIUM","Array, Two Pointers, Sorting","48.54","100","38.22","https://leetcode.com/problems/4sum","Adobe; Amazon; Apple; Bloomberg; Cloudflare; DE Shaw; DoorDash; Google; Infosys; Meta; Microsoft; oyo; Rubrik; Samsung; ServiceNow; tcs; TikTok; Uber; Yahoo; Zoox"
"20","Unique Paths","MEDIUM","Math, Dynamic Programming, Combinatorics","43.84","75.9","65.77","https://leetcode.com/problems/unique-paths","Accenture; Adobe; Amazon; Apple; Bloomberg; ByteDance; Cisco; Coupang; DE Shaw; Goldman Sachs; Grammarly; Meta; Microsoft; Oracle; Roblox; tcs; TikTok; Uber; Yahoo; Zomato"
"19","String Compression","MEDIUM","Two Pointers, String","75.54","100","58.09","https://leetcode.com/problems/string-compression","Affirm; CrowdStrike; EPAM Systems; Expedia; Goldman Sachs; IBM; Lyft; Palo Alto Networks; Paytm; PhonePe; Pinterest; Ripple; Rivian; Salesforce; ServiceNow; Snap; Yandex; Yelp; Zoox"
"19","Longest Increasing Subsequence","MEDIUM","Array, Binary Search, Dynamic Programming","62.24","100","57.81","https://leetcode.com/problems/longest-increasing-subsequence","Accenture; Atlassian; Autodesk; Citadel; Commvault; Druva; Expedia; Flexport; Goldman Sachs; IBM; Intuit; Licious; PayPal; Pure Storage; Samsung; Splunk; Wayfair; Yandex; Zoho"
"19","Majority Element","EASY","Array, Hash Table, Divide and Conquer, Sorting, Counting","59.75","100","65.74","https://leetcode.com/problems/majority-element","Accenture; Autodesk; CVENT; DE Shaw; Deloitte; eBay; Flipkart; IBM; MakeMyTrip; Media.net; Nvidia; Oracle; Pwc; Qualcomm; Salesforce; Swiggy; tcs; Yandex; Zenefits"
"19","Find the Index of the First Occurrence in a String","EASY","Two Pointers, String, String Matching","55.42","100","44.97","https://leetcode.com/problems/find-the-index-of-the-first-occurrence-in-a-string","Accenture; Adobe; Amazon; Apple; Bloomberg; Expedia; Google; IBM; IIT Bombay; Infosys; Meta; Microsoft; Pocket Gems; tcs; Uber; Warnermedia; Yahoo; Yandex; Zoho"
"19","Wildcard Matching","HARD","String, Dynamic Programming, Greedy, Recursion","54.47","93.8","29.9","https://leetcode.com/problems/wildcard-matching","Adobe; Amazon; Apple; Bloomberg; Confluent; Coupang; Coursera; Google; Instacart; Meta; Microsoft; Salesforce; Snap; Twilio; Two Sigma; Uber; Walmart Labs; X; Zoho"
"19","Longest Valid Parentheses","HARD","String, Dynamic Programming, Stack","48.59","100","36.31","https://leetcode.com/problems/longest-valid-parentheses","Adobe; Amazon; Bloomberg; DE Shaw; eBay; InMobi; Intuit; MakeMyTrip; Meta; Microsoft; Oracle; Salesforce; SOTI; Sprinklr; TikTok; Uber; Yahoo; Zeta; Zoho"
"18","Word Ladder","HARD","Hash Table, String, Breadth-First Search","67.07","100","42.81","https://leetcode.com/problems/word-ladder","Box; eBay; Juspay; LinkedIn; Navan; Nutanix; PhonePe; Reddit; Samsung; Snap; Tekion; The Trade Desk; TikTok; Uber; Visa; Yahoo; Yelp; ZScaler"
"18","Reverse Words in a String","MEDIUM","Two Pointers, String","59.69","100","51.91","https://leetcode.com/problems/reverse-words-in-a-string","Accenture; Capgemini; Cisco; Deloitte; HPE; Infosys; Intel; Morgan Stanley; Paytm; Snap; tcs; TikTok; Visa; Walmart Labs; Wayfair; Yelp; Zoho; Zopsmart"
"18","Sudoku Solver","HARD","Array, Hash Table, Backtracking, Matrix","56.08","100","63.91","https://leetcode.com/problems/sudoku-solver","Adobe; Amazon; Apple; Bloomberg; Cadence; Citadel; Confluent; DoorDash; Intuit; LINE; Meta; Microsoft; Oracle; Pinterest; Riot Games; Snap; Uber; Yahoo"
"18","Find Peak Element","MEDIUM","Array, Binary Search","54.51","84.8","46.51","https://leetcode.com/problems/find-peak-element","Accenture; Commvault; Databricks; eBay; Flipkart; Goldman Sachs; IXL; Nvidia; Oracle; PayPal; ServiceNow; Snap; Tekion; TikTok; Visa; Waymo; Wix; Zepto"
"18","Unique Paths II","MEDIUM","Array, Dynamic Programming, Matrix","45.59","82.9","43.15","https://leetcode.com/problems/unique-paths-ii","Adobe; Agoda; Amazon; Apple; athenahealth; Atlassian; Bloomberg; Cisco; Coupang; Cruise; Flipkart; Meta; Microsoft; Pinterest; Uber; Yahoo; Zepto; Zomato"
"17","Maximum Profit in Job Scheduling","HARD","Array, Binary Search, Dynamic Programming, Sorting","73.95","100","54.42","https://leetcode.com/problems/maximum-profit-in-job-scheduling","Airbnb; Akuna Capital; Databricks; DE Shaw; DoorDash; Flipkart; oyo; PayPal; PhonePe; Pinterest; Pony.ai; Snowflake; Swiggy; Urban Company; Verkada; WeRide; Zeta"
"17","Happy Number","EASY","Hash Table, Math, Two Pointers","73.92","100","58.07","https://leetcode.com/problems/happy-number","Accenture; Airbnb; BlackRock; Cisco; Cognizant; FactSet; IBM; J.P. Morgan; Jump Trading; Nike; PayPal; Snowflake; Swiggy; tcs; Verily; X; Zoho"
"17","Largest Number","MEDIUM","Array, String, Greedy, Sorting","66.42","100","41.28","https://leetcode.com/problems/largest-number","Accenture; Goldman Sachs; Graviton; Huawei; josh technology; Myntra; Nykaa; Oracle; Paytm; Salesforce; ServiceNow; Siemens; tcs; Visa; Works Applications; Zalando; Zoho"
"17","Copy List with Random Pointer","MEDIUM","Hash Table, Linked List","62.82","100","60.54","https://leetcode.com/problems/copy-list-with-random-pointer","Docusign; eBay; Flipkart; Google; Intel; Mobileye; Morgan Stanley; Nvidia; Oracle; oyo; PhonePe; Snowflake; Uber; VMware; Walmart Labs; Wix; Yahoo"
"17","Implement Trie (Prefix Tree)","MEDIUM","Hash Table, String, Design, Trie","62","100","67.94","https://leetcode.com/problems/implement-trie-prefix-tree","Arista Networks; Block; Citadel; Docusign; DoorDash; Grammarly; instabase; Lyft; MakeMyTrip; Mapbox; Nvidia; Pinterest; Roblox; Samsung; ServiceNow; Snowflake; X"
"17","Binary Tree Zigzag Level Order Traversal","MEDIUM","Tree, Breadth-First Search, Binary Tree","54.71","100","61.68","https://leetcode.com/problems/binary-tree-zigzag-level-order-traversal","Adobe; Bloomberg; ByteDance; Citadel; eBay; Flipkart; Intuit; LinkedIn; Meta; Microsoft; Nutanix; Oracle; ServiceNow; Sigmoid; TikTok; Walmart Labs; Yandex"
"17","Sqrt(x)","EASY","Math, Binary Search","51.56","70.5","40.37","https://leetcode.com/problems/sqrtx","Accenture; Adobe; Amazon; Apple; Bloomberg; Citadel; Goldman Sachs; Grammarly; Infosys; Meta; Microsoft; Samsung; SAP; tcs; TikTok; Uber; Yahoo"
"16","Gas Station","MEDIUM","Array, Greedy","62.29","100","46.38","https://leetcode.com/problems/gas-station","BitGo; BNY Mellon; Cisco; CureFit; Dream11; Flipkart; Freecharge; Goldman Sachs; Infosys; Lucid; Mastercard; Oracle; PhonePe; ServiceNow; Yahoo; Zepto"
"16","Word Search II","HARD","Array, String, Backtracking, Trie, Matrix","59.86","91.3","37.33","https://leetcode.com/problems/word-search-ii","Airbnb; Aurora; Block; Capital One; Cisco; DoorDash; eBay; Google; Instacart; Karat; PayPal; Roblox; Snowflake; Two Sigma; Wix; Zoho"
"16","String to Integer (atoi)","MEDIUM","String","54.18","100","19.23","https://leetcode.com/problems/string-to-integer-atoi","Adobe; Amazon; Apple; Bloomberg; Databricks; Goldman Sachs; Google; Infosys; Meta; Microsoft; Niantic; Nvidia; Qualcomm; Uber; Valve; Yahoo"
"16","Reverse Linked List II","MEDIUM","Linked List","50.61","94.9","49.59","https://leetcode.com/problems/reverse-linked-list-ii","Adobe; Amazon; Apple; Arista Networks; Bloomberg; Disney; EPAM Systems; Meta; Microsoft; Nutanix; Nvidia; Revolut; TikTok; Uber; Yahoo; Zoho"
"16","N-Queens","HARD","Array, Backtracking","41.19","73.1","72.82","https://leetcode.com/problems/n-queens","Adobe; Amazon; Apple; Bloomberg; Citadel; Goldman Sachs; IBM; Meta; Microsoft; Salesforce; Samsung; Snowflake; TikTok; Uber; Yahoo; Zoho"
"15","Random Pick with Weight","MEDIUM","Array, Math, Binary Search, Prefix Sum, Randomized","66.73","98.1","48.28","https://leetcode.com/problems/random-pick-with-weight","Coinbase; Criteo; Liftoff; Netflix; PayPal; Remitly; Revolut; Rubrik; Shopee; Snap; Snowflake; Sony; Two Sigma; X; Yelp"
"15","Maximum Product Subarray","MEDIUM","Array, Dynamic Programming","54.27","100","34.94","https://leetcode.com/problems/maximum-product-subarray","Arcesium; DE Shaw; Goldman Sachs; Google; HashedIn; Hiver; LinkedIn; Nvidia; Oracle; PayPal; ServiceNow; tcs; TikTok; Wayfair; Yahoo"
"15","Pascal's Triangle","EASY","Array, Dynamic Programming","53.9","100","77.02","https://leetcode.com/problems/pascals-triangle","Accenture; Cisco; Deloitte; Goldman Sachs; Google; HSBC; J.P. Morgan; Mitsogo; Oracle; tcs; Uber; Virtusa; Wix; X; Yahoo"
"15","Linked List Cycle","EASY","Hash Table, Linked List, Two Pointers","50.97","62.9","52.57","https://leetcode.com/problems/linked-list-cycle","Autodesk; Cisco; DE Shaw; EPAM Systems; Goldman Sachs; Intel; Oracle; Qualcomm; Samsung; SAP; Uber; Walmart Labs; Wipro; Yahoo; ZScaler"
"15","Maximum Depth of Binary Tree","EASY","Tree, Depth-First Search, Breadth-First Search, Binary Tree","48.57","71.5","77.14","https://leetcode.com/problems/maximum-depth-of-binary-tree","Accenture; Adobe; Apple; Arista Networks; Bloomberg; Infosys; LinkedIn; Meta; Microsoft; Qualcomm; SAP; Spotify; Uber; Yahoo; Yandex"
"15","Insert Interval","MEDIUM","Array","46.03","89.3","43.47","https://leetcode.com/problems/insert-interval","Adobe; Amazon; Apple; Bloomberg; Google; LinkedIn; Meta; Microsoft; MongoDB; Oracle; PhonePe; Tesco; TikTok; Uber; Yahoo"
"15","Minimum Path Sum","MEDIUM","Array, Dynamic Programming, Matrix","45.34","64.9","66.48","https://leetcode.com/problems/minimum-path-sum","Amazon; Apple; Bloomberg; Dream11; eBay; General Motors; Goldman Sachs; Google; Meta; Microsoft; Palo Alto Networks; Salesforce; TikTok; Uber; Yahoo"
"15","Maximal Rectangle","HARD","Array, Dynamic Programming, Stack, Matrix, Monotonic Stack","36.13","61.3","53.71","https://leetcode.com/problems/maximal-rectangle","Adobe; Amazon; Apple; Bloomberg; DE Shaw; Flipkart; Google; Huawei; Intuit; Meta; Microsoft; Oracle; TikTok; Uber; Yahoo"
"14","Palindromic Substrings","MEDIUM","Two Pointers, String, Dynamic Programming","65.23","100","71.68","https://leetcode.com/problems/palindromic-substrings","Accenture; Arista Networks; BNY Mellon; Cisco; Citadel; Epic Systems; LinkedIn; Millennium; Netskope; PayPal; Pure Storage; Salesforce; SoFi; Wayfair"
"14","Contains Duplicate","EASY","Array, Hash Table, Sorting","56.54","89.7","63.24","https://leetcode.com/problems/contains-duplicate","Accenture; Airbnb; Arista Networks; DE Shaw; J.P. Morgan; Nagarro; Netflix; Palantir Technologies; Paycom; Siemens; tcs; Visa; Yandex; ZScaler"
"14","Count and Say","MEDIUM","String","53.59","100","60.51","https://leetcode.com/problems/count-and-say","Adobe; Akuna Capital; Amazon; Apple; Bloomberg; ConsultAdd; Meta; Microsoft; PayPal; Pinterest; Wells Fargo; Wix; Yahoo; Zoho"
"14","Find Minimum in Rotated Sorted Array","MEDIUM","Array, Binary Search","52.84","100","52.65","https://leetcode.com/problems/find-minimum-in-rotated-sorted-array","Cisco; eBay; FreshWorks; Goldman Sachs; IBM; Nutanix; PayPal; Paytm; ServiceNow; Synopsys; Tesla; TikTok; Yahoo; Yandex"
"14","Restore IP Addresses","MEDIUM","String, Backtracking","51.52","100","53.16","https://leetcode.com/problems/restore-ip-addresses","Adobe; Amazon; Apple; Arista Networks; Autodesk; Cisco; Meta; Microsoft; Oracle; Palo Alto Networks; StackAdapt; TikTok; Visa; Zoho"
"14","Plus One","EASY","Array, Math","50.04","74","47.55","https://leetcode.com/problems/plus-one","Accenture; Adobe; Agoda; Amazon; Apple; Bloomberg; Intuit; Meta; Microsoft; tcs; TikTok; Uber; Visa; Yahoo"
"14","Remove Duplicates from Sorted Array II","MEDIUM","Array, Two Pointers","40.37","88.7","62.9","https://leetcode.com/problems/remove-duplicates-from-sorted-array-ii","Accolite; Adobe; Amazon; Apple; Bloomberg; Meta; Microsoft; Nykaa; tcs; TikTok; Uber; Yahoo; Yandex; Zoho"
"13","Integer to English Words","HARD","Math, String, Recursion","74.78","100","34.36","https://leetcode.com/problems/integer-to-english-words","Attentive; Avalara; Block; Delhivery; eBay; Gusto; Nordstrom; Palantir Technologies; Roblox; Snowflake; Warnermedia; Yext; Zoho"
"13","Design Hit Counter","MEDIUM","Array, Binary Search, Design, Queue, Data Stream","72.85","100","69.21","https://leetcode.com/problems/design-hit-counter","Affirm; Atlassian; Careem; Cloudflare; Coupang; Databricks; Dropbox; MongoDB; Reddit; Roblox; Sentry; Snowflake; Yandex"
"13","Evaluate Division","MEDIUM","Array, String, Depth-First Search, Breadth-First Search, Union Find, Graph, Shortest Path","66.19","95.1","63.15","https://leetcode.com/problems/evaluate-division","BlackRock; Citadel; Coinbase; GE Healthcare; Jane Street; MakeMyTrip; Nuro; PhonePe; Rippling; Snap; Snowflake; Stripe; Zeta"
"13","Search Suggestions System","MEDIUM","Array, String, Binary Search, Trie, Sorting, Heap (Priority Queue)","64.84","100","65.05","https://leetcode.com/problems/search-suggestions-system","Anduril; Atlassian; Citadel; Coursera; Deliveroo; Docusign; DoorDash; J.P. Morgan; ServiceNow; Snap; Two Sigma; UBS; Wix"
"13","LFU Cache","HARD","Hash Table, Linked List, Design, Doubly-Linked List","63.42","95.8","46.61","https://leetcode.com/problems/lfu-cache","Citadel; Coupang; DoorDash; Gameskraft; KLA; PayPal; Rippling; Salesforce; ServiceNow; Siemens; Visa; Walmart Labs; Zomato"
"13","Degree of an Array","EASY","Array, Hash Table","62.11","100","57.42","https://leetcode.com/problems/degree-of-an-array","ByteDance; Expedia; GE Digital; IBM; J.P. Morgan; Paycom; PayPal; Rivian; Salesforce; SoFi; Turing; Walmart Labs; ZScaler"
"13","Lowest Common Ancestor of a Binary Tree","MEDIUM","Tree, Depth-First Search, Binary Tree","60.72","86.7","66.76","https://leetcode.com/problems/lowest-common-ancestor-of-a-binary-tree","Atlassian; BitGo; Flipkart; GE Healthcare; Intuit; LinkedIn; MongoDB; Myntra; Oracle; Salesforce; Snapdeal; Wix; Yandex"
"13","Isomorphic Strings","EASY","Hash Table, String","57.66","100","46.86","https://leetcode.com/problems/isomorphic-strings","Barclays; eBay; EPAM Systems; Google; HashedIn; Infosys; LinkedIn; Oracle; Remitly; Salesforce; Tinkoff; Yandex; Zoho"
"13","Binary Tree Level Order Traversal","MEDIUM","Tree, Breadth-First Search, Binary Tree","51.15","100","70.6","https://leetcode.com/problems/binary-tree-level-order-traversal","Adobe; Apple; Bloomberg; Gojek; Intuit; LinkedIn; Meta; Microsoft; Palo Alto Networks; PhonePe; TikTok; Uber; Yahoo"
"12","Candy","HARD","Array, Greedy","66.52","100","46.7","https://leetcode.com/problems/candy","Accenture; ConsultAdd; Flipkart; Goldman Sachs; Komprise; Mastercard; PhonePe; Tencent; Teradata; Uber; Urban Company; Yandex"
"12","Intersection of Two Arrays","EASY","Array, Hash Table, Two Pointers, Binary Search, Sorting","62.99","100","76.47","https://leetcode.com/problems/intersection-of-two-arrays","Criteo; CVENT; IBM; J.P. Morgan; LinkedIn; MongoDB; Nvidia; PayPal; tcs; Two Sigma; Wix; Yandex"
"12","Basic Calculator","HARD","Math, String, Stack, Recursion","58.06","100","45.59","https://leetcode.com/problems/basic-calculator","Anduril; ByteDance; Citadel; Coupang; DE Shaw; DoorDash; Oracle; Palo Alto Networks; Ripple; Rokt; Snowflake; Tesla"
"12","Missing Number","EASY","Array, Hash Table, Math, Binary Search, Bit Manipulation, Sorting","57.56","80.9","70.07","https://leetcode.com/problems/missing-number","AQR Capital Management; Arista Networks; Cisco; Genpact; Goldman Sachs; Google; Infosys; Nvidia; Revolut; tcs; Tesla; Warnermedia"
"12","Second Highest Salary","MEDIUM","Database","57.3","78.9","43.87","https://leetcode.com/problems/second-highest-salary","Accenture; Amdocs; Cognizant; Deloitte; Genpact; Google; Infosys; Paytm; tcs; Visa; Walmart Labs; Wipro"
"12","Combination Sum II","MEDIUM","Array, Backtracking","49.25","82.5","57.67","https://leetcode.com/problems/combination-sum-ii","Adobe; Amazon; Bloomberg; ByteDance; Infosys; Meta; Microsoft; Oracle; Snap; Tesla; TikTok; Uber"
"12","Multiply Strings","MEDIUM","Math, String, Simulation","47.62","93.8","42.29","https://leetcode.com/problems/multiply-strings","Adobe; Amazon; Apple; Bloomberg; Meta; Microsoft; Pinterest; Roku; TikTok; Two Sigma; Uber; X"
"12","Unique Binary Search Trees","MEDIUM","Math, Dynamic Programming, Tree, Binary Search Tree, Binary Tree","43.48","100","62.45","https://leetcode.com/problems/unique-binary-search-trees","Adobe; Amazon; Apple; Bloomberg; Clari; Microsoft; Samsung; Snap; TikTok; Tower Research Capital; Yahoo; Zoho"
"12","Interleaving String","MEDIUM","String, Dynamic Programming","40.24","71.6","42.18","https://leetcode.com/problems/interleaving-string","Amazon; Apple; DE Shaw; Goldman Sachs; Microsoft; Nuro; thoughtspot; TikTok; Uber; Walmart Labs; Yahoo; Zeta"
"11","Top K Frequent Words","MEDIUM","Array, Hash Table, String, Trie, Sorting, Heap (Priority Queue), Bucket Sort, Counting","72.54","100","59.28","https://leetcode.com/problems/top-k-frequent-words","Attentive; Box; Intel; Netflix; Palo Alto Networks; Pocket Gems; Robinhood; ServiceNow; Smartsheet; Yandex; Yelp"
"11","Max Area of Island","MEDIUM","Array, Depth-First Search, Breadth-First Search, Union Find, Matrix","71.18","100","73.16","https://leetcode.com/problems/max-area-of-island","Disney; DoorDash; Dropbox; Grubhub; Intuit; LinkedIn; Salesforce; Smartsheet; Snowflake; Tesla; Wise"
"11","Is Subsequence","EASY","Two Pointers, String, Dynamic Programming","63.18","100","48.38","https://leetcode.com/problems/is-subsequence","Accenture; Electronic Arts; Nvidia; Pinterest; Qualcomm; Salesforce; Tekion; Tesla; Tinkoff; Wix; Yandex"
"11","Subarray Product Less Than K","MEDIUM","Array, Binary Search, Sliding Window, Prefix Sum","62.65","100","52.85","https://leetcode.com/problems/subarray-product-less-than-k","Agoda; Airbnb; Flexport; IBM; Nvidia; PayPal; Salesforce; Samsung; ServiceNow; SoFi; Wise"
"11","Clone Graph","MEDIUM","Hash Table, Depth-First Search, Breadth-First Search, Graph","62.61","100","62.39","https://leetcode.com/problems/clone-graph","Docusign; Flexport; Google; Grammarly; Nutanix; Pocket Gems; ThousandEyes; TikTok; Uber; Wix; Yahoo"
"11","Task Scheduler","MEDIUM","Array, Hash Table, Greedy, Sorting, Heap (Priority Queue), Counting","56.86","85.4","61.54","https://leetcode.com/problems/task-scheduler","DE Shaw; DoorDash; IBM; Intuit; Remitly; Roblox; Rubrik; Salesforce; Snowflake; Zeta; zeta suite"
"11","Fizz Buzz","EASY","Math, String, Simulation","56.66","89.9","74.37","https://leetcode.com/problems/fizz-buzz","Cisco; Citadel; Cloudflare; Cognizant; IBM; J.P. Morgan; LinkedIn; Mastercard; Media.net; Nvidia; tcs"
"11","Single Element in a Sorted Array","MEDIUM","Array, Binary Search","55.14","100","59.21","https://leetcode.com/problems/single-element-in-a-sorted-array","Atlassian; blinkit; Coupang; Infosys; Moloco; Nvidia; Pinterest; ServiceNow; Snowflake; Sprinklr; tcs"
